-- phpMyAdmin SQL Dump
-- version 3.3.7deb5build0.10.10.1
-- http://www.phpmyadmin.net
--
-- 主机: localhost
-- 生成日期: 2011 年 04 月 20 日 21:45
-- 服务器版本: 5.1.49
-- PHP 版本: 5.3.3-1ubuntu9.3

SET SQL_MODE="NO_AUTO_VALUE_ON_ZERO";


/*!40101 SET @OLD_CHARACTER_SET_CLIENT=@@CHARACTER_SET_CLIENT */;
/*!40101 SET @OLD_CHARACTER_SET_RESULTS=@@CHARACTER_SET_RESULTS */;
/*!40101 SET @OLD_COLLATION_CONNECTION=@@COLLATION_CONNECTION */;
/*!40101 SET NAMES utf8 */;

--
-- 数据库: `wow`
--

-- --------------------------------------------------------

--
-- 表的结构 `boss`
--

CREATE TABLE IF NOT EXISTS `boss` (
  `Name` varchar(20) CHARACTER SET utf8 NOT NULL,
  `HP` int(11) NOT NULL,
  `MP` int(11) NOT NULL,
  `Point` varchar(10) CHARACTER SET utf8 NOT NULL,
  `FB` varchar(20) CHARACTER SET utf8 NOT NULL,
  `nb` int(11) NOT NULL
) ENGINE=MyISAM DEFAULT CHARSET=utf8 COLLATE=utf8_bin;

--
-- 转存表中的数据 `boss`
--

INSERT INTO `boss` (`Name`, `HP`, `MP`, `Point`, `FB`, `nb`) VALUES
('高阶术士奈瑟库斯', 110000, 100000, '19 23', '破碎大厅', 10),
('战争使者沃姆罗格', 130000, 100000, '60 100', '破碎大厅', 10),
('酋长卡加斯·刃拳', 210000, 200000, '150 143', '破碎大厅', 20),
('巡视者加戈玛', 100000, 1000, '61 23', '地狱火城墙', 15),
('无疤者奥摩尔', 120000, 1000, '80 130', '地狱火城墙', 20),
('传令官瓦兹德', 180000, 20000, '170 193', '地狱火城墙', 30),
('看守者盖罗基尔', 124538, 1000, '15 12', '能源舰', 25),
('看守者埃隆汉', 164389, 1000, '64 63', '能源舰', 10),
('机械领主卡帕西图斯', 258300, 1000, '124 512', '能源舰', 15),
('灵术师塞比瑟蕾', 131489, 1100, '151 154', '能源舰', 20),
('计算者帕萨雷恩', 135474, 1100, '511 512', '能源舰', 30),
('黑暗编织者塞斯', 136152, 140620, '42 71', '赛泰克大厅', 20),
('利爪之王艾吉斯', 113329, 42186, '421 371', '赛泰克大厅', 25),
('安苏', 236120, 33090, '542 181', '赛泰克大厅', 40);

-- --------------------------------------------------------

--
-- 表的结构 `Equipment`
--

CREATE TABLE IF NOT EXISTS `Equipment` (
  `Name` varchar(20) NOT NULL,
  `Force` int(11) NOT NULL,
  `Agile` int(11) NOT NULL,
  `Intelligence` int(11) NOT NULL,
  `Boss_name` varchar(20) NOT NULL,
  `Drop_probability` float NOT NULL,
  `nb` int(11) NOT NULL
) ENGINE=MyISAM DEFAULT CHARSET=utf8;

--
-- 转存表中的数据 `Equipment`
--

INSERT INTO `Equipment` (`Name`, `Force`, `Agile`, `Intelligence`, `Boss_name`, `Drop_probability`, `nb`) VALUES
('光触胸甲', 26, 25, 25, '巡视者加戈玛', 13.6, 2),
('奥术怒火护肩', 18, 18, 12, '巡视者加戈玛', 23.6, 1),
('影裂长剑', 12, 0, 0, '巡视者加戈玛', 63.6, 2),
('永生披风', 11, 11, 11, '巡视者加戈玛', 3.3, 3),
('血骑士防御者', 25, 10, 10, '巡视者加戈玛', 25.2, 1),
('多棱指环', 23, 11, 12, '无疤者奥摩尔', 34.6, 2),
('心血念珠', 23, 12, 14, '无疤者奥摩尔', 34.6, 1),
('心血战锤', 13, 0, 22, '无疤者奥摩尔', 34.6, 2),
('水晶火焰法杖', 12, 12, 12, '无疤者奥摩尔', 34.6, 1),
('炼狱权杖', 15, 0, 14, '无疤者奥摩尔', 34.6, 1),
('传令官的护腕', 23, 12, 11, '传令官瓦兹德', 24.6, 0),
('暗潮手套', 13, 24, 6, '传令官瓦兹德', 11.3, 0),
('虚无宝石', 33, 11, 2, '传令官瓦兹德', 15.2, 4),
('强袭铠甲', 44, 22, 12, '传令官瓦兹德', 24.7, 4),
('圣殿指环', 23, 21, 22, '传令官瓦兹德', 44.6, 1),
('森林之心护腕', 3, 11, 31, '酋长卡加斯·刃拳', 54.6, 3),
('光逝战锤', 50, 5, 3, '酋长卡加斯·刃拳', 14.2, 2),
('森林之心', 3, 11, 31, '酋长卡加斯·刃拳', 24.6, 3),
('巨人雕像', 2, 46, 25, '酋长卡加斯·刃拳', 13.5, 5),
('匪徒行者手套', 13, 11, 11, '酋长卡加斯·刃拳', 12.3, 3),
('森林之心', 66, 33, 11, '战争使者沃姆罗格', 44.6, 8),
('天火长弓', 13, 11, 31, '战争使者沃姆罗格', 14.2, 7),
('巨人力量腰带', 3, 11, 1, '战争使者沃姆罗格', 34.6, 3),
('板甲', 23, 11, 16, '战争使者沃姆罗格', 14.6, 0),
('秘银锤', 33, 66, 15, '战争使者沃姆罗格', 4.6, 6),
('森林之心', 44, 11, 11, '高阶术士奈瑟库斯', 44.6, 8),
('天火长弓', 13, 44, 31, '高阶术士奈瑟库斯', 14.2, 7),
('巨人力量腰带', 3, 11, 1, '高阶术士奈瑟库斯', 34.6, 0),
('板甲', 23, 11, 16, '高阶术士奈瑟库斯', 14.6, 0),
('秘银锤', 33, 1, 15, '高阶术士奈瑟库斯', 4.6, 6),
('板甲', 12, 41, 15, '看守者盖罗基尔', 45.1, 0),
('刺杀外套', 123, 234, 125, '看守者埃隆汉', 24.1, 2),
('因林胸甲', 123, 32, 53, '机械领主卡帕西图斯', 51.5, 0),
('宇宙之刃', 51, 13, 412, '灵术师塞比瑟蕾', 98.1, 4),
('横行战斧', 41, 1, 15, '计算者帕萨雷恩', 31.5, 0),
('秘银锤', 123, 4, 23, '看守者埃隆汉', 11.4, 0),
('巨人力量腰带', 63, 53, 64, '机械领主卡帕西图斯', 64.3, 0),
('魔术师的手册', 63, 43, 23, '灵术师塞比瑟蕾', 33.2, 0),
('月光林地长跑', 12, 324, 436, '计算者帕萨雷恩', 11.6, 3),
('板甲', 12, 41, 15, '安苏', 45.1, 6),
('刺杀外套', 123, 234, 125, '黑暗编织者塞斯', 24.1, 15),
('因林胸甲', 123, 32, 53, '利爪之王艾吉斯', 51.5, 15),
('宇宙之刃', 51, 13, 412, '利爪之王艾吉斯', 98.1, 15),
('横行战斧', 41, 1, 15, '利爪之王艾吉斯', 31.5, 8),
('霸气光剑', 123, 521, 124, '安苏', 4.3, 20),
('秘银锤', 123, 4, 23, '安苏', 61.4, 6),
('巨人力量腰带', 63, 53, 64, '安苏', 64.3, 4),
('魔术师的手册', 63, 43, 23, '黑暗编织者塞斯', 33.2, 4),
('月光林地长跑', 12, 324, 436, '黑暗编织者塞斯', 11.6, 5);

-- --------------------------------------------------------

--
-- 表的结构 `FB`
--

CREATE TABLE IF NOT EXISTS `FB` (
  `Name` varchar(20) COLLATE utf8_bin NOT NULL,
  `Difficulty` varchar(10) COLLATE utf8_bin NOT NULL,
  `Instruction` varchar(50) COLLATE utf8_bin NOT NULL
) ENGINE=MyISAM DEFAULT CHARSET=utf8 COLLATE=utf8_bin;

--
-- 转存表中的数据 `FB`
--

INSERT INTO `FB` (`Name`, `Difficulty`, `Instruction`) VALUES
('赛泰克大厅', ' 英雄', '这里有乌鸦之神'),
('赛泰克大厅', '普通', '这里有乌鸦之神'),
('地狱火城墙', '普通', '这里充满着愤怒的战火'),
('地狱火城墙', '英雄', '这里充满着愤怒的战火'),
('破碎大厅', '英雄', '这里充满着神秘的魔法'),
('破碎大厅', '普通', '这里充满着神秘的魔法'),
('能源舰', '普通', '这里有着无尽的能源'),
('能源舰', '英雄', '这里有着无尽的能源');

-- --------------------------------------------------------

--
-- 表的结构 `person`
--

CREATE TABLE IF NOT EXISTS `person` (
  `ID` varchar(20) NOT NULL,
  `Password` varchar(20) NOT NULL,
  `Heroname` varchar(20) NOT NULL,
  `nb` int(11) NOT NULL,
  `jishu` float NOT NULL,
  `w1` int(11) NOT NULL,
  `w2` int(11) NOT NULL,
  `w3` int(11) NOT NULL,
  PRIMARY KEY (`ID`)
) ENGINE=MyISAM DEFAULT CHARSET=utf8;

--
-- 转存表中的数据 `person`
--

INSERT INTO `person` (`ID`, `Password`, `Heroname`, `nb`, `jishu`, `w1`, `w2`, `w3`) VALUES
('zztztt', '227227', '朱玺是SB', 62, 2.9, 20, 15, 15);

-- --------------------------------------------------------

--
-- 表的结构 `p_e`
--

CREATE TABLE IF NOT EXISTS `p_e` (
  `hero` varchar(20) NOT NULL,
  `equ` varchar(20) NOT NULL,
  `NB` int(11) NOT NULL,
  UNIQUE KEY `equ_2` (`equ`),
  KEY `equ` (`equ`)
) ENGINE=MyISAM DEFAULT CHARSET=utf8;

--
-- 转存表中的数据 `p_e`
--

INSERT INTO `p_e` (`hero`, `equ`, `NB`) VALUES
('朱玺是SB', '巨人力量腰带', 0),
('朱玺是SB', '天火长弓', 7),
('朱玺是SB', '森林之心', 8),
('朱玺是SB', '板甲', 0),
('朱玺是SB', '森林之心护腕', 3),
('朱玺是SB', '光逝战锤', 2),
('朱玺是SB', '奥术怒火护肩', 1),
('朱玺是SB', '影裂长剑', 2),
('朱玺是SB', '多棱指环', 2),
('朱玺是SB', '心血念珠', 1),
('朱玺是SB', '心血战锤', 2),
('朱玺是SB', '水晶火焰法杖', 1),
('朱玺是SB', '炼狱权杖', 1),
('朱玺是SB', '刺杀外套', 15),
('朱玺是SB', '魔术师的手册', 4),
('朱玺是SB', '因林胸甲', 15),
('朱玺是SB', '宇宙之刃', 15),
('朱玺是SB', '秘银锤', 6),
('朱玺是SB', '霸气光剑', 20);
